{"initial_reset_timestamp": 1578332505.744541, "timestamps": [1578332505.7458954, 1578332505.7469513, 1578332505.7481525, 1578332505.7488184, 1578332505.7493305, 1578332505.7499516, 1578332505.7503722, 1578332505.751276, 1578332505.7533436, 1578332505.7548878, 1578332505.75541, 1578332505.7556674, 1578332505.7563105, 1578332505.7579565, 1578332505.7583773, 1578332505.7586548, 1578332505.75883, 1578332505.7590377, 1578332505.7596176, 1578332505.7621195, 1578332505.7624562, 1578332505.7639053, 1578332505.7646945, 1578332505.765034, 1578332505.7652047, 1578332505.7656274, 1578332505.765798, 1578332505.7677162, 1578332505.7686281, 1578332505.7699292, 1578332505.7712588, 1578332505.7716045, 1578332505.7721221, 1578332505.7732024, 1578332505.7734985, 1578332505.773844, 1578332505.7741559, 1578332505.7751546, 1578332505.7758949, 1578332505.7768064, 1578332505.7783604, 1578332505.7788248, 1578332505.7811358, 1578332505.7819111, 1578332505.7828076, 1578332505.7834518, 1578332505.7837524, 1578332505.784187, 1578332505.7845948, 1578332505.785555, 1578332505.7858331, 1578332505.786073, 1578332505.786335, 1578332505.7868378, 1578332505.7870548, 1578332505.7887642, 1578332505.7894146, 1578332505.790142, 1578332505.790628, 1578332505.7910094, 1578332505.7911785, 1578332505.7921853, 1578332505.792795, 1578332505.793579, 1578332505.794184, 1578332505.7947793, 1578332505.7956433, 1578332505.7960188, 1578332505.796456, 1578332505.7970903, 1578332505.7979074, 1578332505.7982786, 1578332505.7987425, 1578332505.7990487, 1578332505.7994823, 1578332505.7997384, 1578332505.800373, 1578332505.8015513, 1578332505.8018537, 1578332505.8020198, 1578332505.8032734, 1578332505.8034608, 1578332505.8036308, 1578332505.8038642, 1578332505.805223, 1578332505.8058064, 1578332505.8063133, 1578332505.8073065, 1578332505.8082302, 1578332505.8087785, 1578332505.8091023, 1578332505.8094034, 1578332505.8099914, 1578332505.811448, 1578332505.8116832, 1578332505.8120704, 1578332505.8124385, 1578332505.8128116, 1578332505.8137288, 1578332505.8141832, 1578332505.8144164, 1578332505.8145835, 1578332505.8149962, 1578332505.8155644, 1578332505.815959, 1578332505.8161283, 1578332505.8166778, 1578332505.8170545, 1578332505.8174245, 1578332505.817959, 1578332505.818604, 1578332505.8192804, 1578332505.819458, 1578332505.8200881, 1578332505.8206732, 1578332505.8208683, 1578332505.8210363, 1578332505.8214047, 1578332505.8221297, 1578332505.8228343, 1578332505.8243961, 1578332505.8246748, 1578332505.8250663, 1578332505.82598, 1578332505.8261693, 1578332505.8265665, 1578332505.8273282, 1578332505.8282602, 1578332505.829042, 1578332505.8299608], "episode_lengths": [10, 3, 11, 7, 6, 9, 5, 11, 17, 9, 6, 3, 8, 16, 3, 3, 2, 2, 8, 34, 4, 18, 9, 4, 2, 5, 2, 15, 2, 5, 12, 4, 6, 13, 3, 4, 4, 14, 10, 11, 21, 5, 32, 8, 13, 8, 3, 5, 5, 11, 3, 3, 3, 7, 2, 17, 7, 10, 6, 5, 2, 14, 8, 11, 4, 2, 12, 5, 6, 8, 11, 5, 6, 4, 6, 3, 9, 16, 4, 2, 18, 2, 2, 3, 18, 8, 7, 14, 13, 7, 4, 4, 8, 21, 3, 5, 5, 4, 13, 6, 3, 2, 5, 8, 5, 2, 7, 5, 5, 7, 9, 9, 2, 8, 7, 2, 2, 5, 10, 9, 22, 3, 5, 13, 2, 2, 5, 13, 10, 13], "episode_rewards": [0.0, 0.0, 0.0, 0.0, 0.0, 0.0, 0.0, 0.0, 0.0, 0.0, 0.0, 0.0, 0.0, 0.0, 0.0, 0.0, 0.0, 0.0, 0.0, 0.0, 0.0, 0.0, 0.0, 0.0, 0.0, 0.0, 0.0, 0.0, 0.0, 0.0, 0.0, 0.0, 0.0, 0.0, 0.0, 0.0, 0.0, 0.0, 0.0, 0.0, 0.0, 0.0, 0.0, 0.0, 0.0, 0.0, 0.0, 0.0, 0.0, 0.0, 0.0, 0.0, 0.0, 0.0, 0.0, 0.0, 0.0, 0.0, 0.0, 0.0, 0.0, 0.0, 0.0, 0.0, 0.0, 0.0, 0.0, 0.0, 0.0, 0.0, 0.0, 0.0, 0.0, 0.0, 0.0, 0.0, 0.0, 0.0, 0.0, 0.0, 0.0, 0.0, 0.0, 0.0, 0.0, 0.0, 0.0, 0.0, 0.0, 0.0, 0.0, 0.0, 0.0, 0.0, 0.0, 0.0, 0.0, 0.0, 0.0, 0.0, 0.0, 0.0, 0.0, 0.0, 0.0, 0.0, 0.0, 0.0, 0.0, 0.0, 0.0, 0.0, 0.0, 0.0, 0.0, 0.0, 0.0, 0.0, 0.0, 0.0, 0.0, 0.0, 0.0, 0.0, 0.0, 0.0, 0.0, 0.0, 0.0, 0.0], "episode_types": ["t", "t", "t", "t", "t", "t", "t", "t", "t", "t", "t", "t", "t", "t", "t", "t", "t", "t", "t", "t", "t", "t", "t", "t", "t", "t", "t", "t", "t", "t", "t", "t", "t", "t", "t", "t", "t", "t", "t", "t", "t", "t", "t", "t", "t", "t", "t", "t", "t", "t", "t", "t", "t", "t", "t", "t", "t", "t", "t", "t", "t", "t", "t", "t", "t", "t", "t", "t", "t", "t", "t", "t", "t", "t", "t", "t", "t", "t", "t", "t", "t", "t", "t", "t", "t", "t", "t", "t", "t", "t", "t", "t", "t", "t", "t", "t", "t", "t", "t", "t", "t", "t", "t", "t", "t", "t", "t", "t", "t", "t", "t", "t", "t", "t", "t", "t", "t", "t", "t", "t", "t", "t", "t", "t", "t", "t", "t", "t", "t", "t", "t"]}